Fa Fa,Guster
Fa Fa Fa Fa Fa (sad Song),Otis Redding
Face The Face,Pete Townshend
Fadeaway,Bodeans
Fade Into You,Mazzy Star
Fade Like A Shadow,K. T. Tunstall
Fake Empire,The National
Fake Plastic Trees,Radiohead
Fall At Your Feet,Crowded House
Fall in Love,Phantogram
Fall In Philadelphia,Hall & Oates
Fall On Me,R. E. M.
Fallin' Rain,Karl Blau
Falling Slowly,Glen Hansard & Marketa Irglova
Fame,David Bowie
Family Affair,Sly & The Family Stone
Far Away Eyes,The Rolling Stones
Farther On Down The Road,Taj Mahal
Farther On Up The Road,"Bobby ""Blue"" Bland"
Fascination,David Bowie
Fashion,David Bowie
Fast As You Can,Fiona Apple
Fast Buck Freddie,Jefferson Starship
Fast Car,Tracy Chapman
Fat Man In The Bathtub,Little Feat
Fate's Right Hand,Rodney Crowell
Father And Daughter,Paul Simon
Favourite Shirts (Boy Meets Girl),Haircut One Hundred
Feats Don't Fail Me Now,Little Feat
Feed The Tree,Belly
Feel A Whole Lot Better,The Byrds
Feel Good Inc.,Gorillaz
Feel So Bad,Otis Rush
Feelin' Alright,Joe Cocker
Feelin' Alright?,Traffic
Feelin' Good,NRBQ
Feeling Fascination,The Human League
Feeling Gravity's Pull,R. E. M.
Feels Like Rain,Buddy Guy
Feels Like We Only Go Backwards,Tame Impala
Fell In Love With A Boy,Joss Stone
Fell In Love With A Girl,The White Stripes
Ferry 'Cross The Mersey,Gerry & The Pacemakers
Fever,Little Willie John
Fever,Neville Brothers
Fever,Peggy Lee
Fever,The Black Keys
Fields Of Gold,Sting
Fight For Your Right,Beastie Boys
Fight The Power,Public Enemy
Finest Worksong,R. E. M.
Fingertips,Part 2 - Stevie Wonder
Fire,Barns Courtney
Fire,The Crazy World Of Arthur Brown
Fire,Jimi Hendrix
Fire,Ohio Players
Fire Cracker,Ryan Adams
Fire It Up,Modest Mouse
Fire On High,Electric Light Orchestra
Fire On The Bayou,Neville Brothers
Fire On The Mountain,Grateful Dead
First Day Of My Life,Bright Eyes
First Glimmer,Paul Westerberg
First Train Home,Imogen Heap
Fish And Whistle,John Prine
Fitz And The Dizzyspells,Andrew Bird
Five Long Years,B. B. King
Five O'Clock World,The Vogues
Five To One,The Doors
Five Years,David Bowie
Fix You,Coldplay
Flake,Jack Johnson
Flashlight,Parliament
Flipside,Norah Jones
Float On,Modest Mouse
Fly Away,Lenny Kravitz
Fly Robin Fly,Silver Convention
Flying,The Beatles
Flying On the Ground Is Wrong,Buffalo Springfield
Fm,Steely Dan
Follow You Follow Me,Genesis
Folsom Prison Blues,Johnny Cash
Fool For Love,Lord Huron
Fool To Cry,The Rolling Stones
Fooled Again (I Don't Like It),Tom Petty & The Heartbreakers
Fool's Gold,The Stone Roses
Footstompin' Music,Grand Funk Railroad
For A Dancer,Jackson Browne
For Everyman,Jackson Browne
Forget Me Nots,Patrice Rushen
For Nancy,Pete Yorn
For Once In My Life,Stevie Wonder
For The Love Of Money,The O'Jays
For The Turnstiles,Neil Young
For What It's Worth,Buffalo Springfield
For You,Bruce Springsteen
For You Blue,The Beatles
For Your Life,Led Zeppelin
For Your Love,The Yardbirds
Forbidden City,Joe Strummer & The Mescaleros
Forever,Haim
Forever My Friend,Ray Lamontagne
Forever Young,Bob Dylan
Forget About It,Alison Krauss
Forget You,Cee Lo Green
Fortunate Son,Creedence Clearwater Revival
Fortune Teller,Robert Plant & Alison Krauss
Found Out About You,Gin Blossoms
Fountain Of Sorrow,Jackson Browne
Four Sticks,Led Zeppelin
Four Winds,Bright Eyes
Foxey Lady,Jimi Hendrix
Fragments of Time,Daft Punk
Frame By Frame,King Crimson
Frank Sinatra,Cake
Frankenstein,Edgar Winter Group
Frankie's Gun,The Felice Brothers
Freddie's Dead,Curtis Mayfield
Free,Donavon Frankenreiter
Free,Phish
Free Falling,Tom Petty
Free Girl Now,Tom Petty
Free Like We Want 2 B,Ziggy Marley
Free Man In Paris,Joni Mitchell
Free Nelson Mandela,Special AKA
Free Range,The Fall
Freedom,Richie Havens
Freedom Of Choice,Devo
Freedom Of '76,Ween
Freedom Overspill,Steve Winwood
Freeker By The Speaker,Keller Williams
Freeway Jam,Jeff Beck
Fresh Air,Quicksilver Messenger Service
Fresh Garbage,Spirit
Friday I'm In Love,The Cure
Friday Night,The Darkness
Friday On My Mind,The Easybeats
Friend Of The Devil,Grateful Dead
Friends,Led Zeppelin
From A Buick 6,Bob Dylan
From A Whisper To A Scream,Elvis Costello
From A Whisper To A Scream,Allen Toussaint
From A Window Seat,Dawes
From Eden,Hozier
From Hank To Hendrix,Neil Young
From Small Things,Bruce Springsteen
From The Beginning,Emerson Lake & Palmer
Frosty,Albert Collins
Fuel,Ani DiFranco
Funeral For A Friend/Love Lies Bleeding,Elton John
Funk #49,James Gang
Funky Broadway,Wilson Pickett
Funky Ceili (Bridie's Song),Black 47
Funky Drummer,James Brown
Funky Kingston,Toots & The Maytals
Funky Nassau,The Beginning Of The End
Funky President,James Brown
Funky Pretty,The Beach Boys
Funky Stuff,Kool & The Gang
Funny How Time Slips Away,Lyle Lovett & Al Green
Funny The Way It Is,Dave Matthews Band
