Jack Of Speed,Steely Dan
Jack Straw,Grateful Dead
Jackie and Wilson,Hozier
Jackie Blue,Ozark Mountain Daredevils
Jackie Wilson Said (I'm In Heaven When You Smile),Van Morrison
Jackson,Johnny Cash & June Carter Cash
Jackson Cannery,Ben Folds Five
Jacksonville,Sufjan Stevens
Jagged,Old 97's
Jail La La,Dum Dum Girls
Jailhouse Rock,Elvis Presley
Jamaica Say You Will,Jackson Browne
Jambalaya (On The Bayou),Hank Williams
James Dean,The Eagles
Jamming,Bob Marley & The Wailers
Jane,Barenaked Ladies
Jane Says,Jane's Addiction
Janie Runaway,Steely Dan
Jealous Again,The Black Crowes
Jealous Guy,John Lennon
Jealousy,Natalie Merchant
Jeannie Needs A Shooter,Warren Zevon
Jeepster,T Rex
Jennifer,Q-Burns Abstract Message
Jennifer Juniper,Donovan
Jenny & The Ess Dog,Stephen Malkmus
Jenny's Got A Pony,Los Lobos
Jeremy,Pearl Jam
Jersey Girl,Bruce Springsteen
Jersey Girl,Tom Waits
Jessica,The Allman Brothers
Jesus Is Just All Right,The Byrds
Jesus Is Just Alright With Me,The Doobie Brothers
Jesus Just Left Chicago,ZZ Top
"Jesus, Etc.",Wilco
Jet,Paul McCartney & Wings
Jetpack,The Doublewides
Jig-saw Puzzle,The Rolling Stones
Jim Dandy,Lavern Baker
Jimi Thing,Dave Matthews Band
Jimmy Jazz,The Clash
Jimmy Mack,Martha & The Vandellas
Jingo,Santana
Jive Talkin',Bee Gees
Joey,Concrete Blonde
"John, I'm Only Dancing",David Bowie
Johnny 99,Bruce Springsteen
Johnny And Mary,Robert Palmer
Johnny B. Goode,Chuck Berry
Johnny Come Home,Fine Young Cannibals
Johnny Hold Back,Charlie
Johnny Strikes Up The Band,Warren Zevon
Johnny Too Bad,The Slickers
Join Me In L.A.,Warren Zevon
Jokerman,Bob Dylan
Joking,Indigo Girls
Jolene,Bob Dylan
Jolene,Dolly Parton
Josie,Steely Dan
Journey To The Center Of The Mind,The Amboy Dukes
Joy,Lucinda Williams
Joy to You Baby,Josh Ritter
Joyful Girl,Soulive
Joyful Sounds,The Word
Judy In Disguise,John Fred and His Playboy Band
Juke,Little Walter
Juke Box Fury,Rickie Lee Jones
Juke Box Music,The Kinks
Julia,The Beatles
Jump,Aztec Camera
Jump,Van Halen
Jump Into The Fire,Harry Nilsson
Jumpin' Jack Flash,The Rolling Stones
Jungle Boogie,Kool & The Gang
Jungle Fever,Chakachas
Jungle Love,The Time
Jungleland,Bruce Springsteen
Junior's Farm,Paul McCartney
Just A Little Lovin',Dusty Springfield
Just Ain't Gonna Work Out,Mayer Hawthorne
Just Another Rider,Gregg Allman
Just Breathe,Pearl Jam
Just Can't Last,Natalie Merchant
Just Don't Want To Be Lonely,The Main Ingredient
Just Dropped In (to See What Condition My Condition Was In),Kenny Rogers
Just Dropped In To See What Condition My Condition Was In,Sharon Jones And The Dap-Kings
Just Kissed My Baby,The Meters
Just Like A Woman,Bob Dylan
Just Like Heaven,The Cure
Just Like Honey,The Jesus And Mary Chain
Just Like Me,Paul Revere & The Raiders
Just Like Tom Thumb's Blues,Bob Dylan
Just My Imagination (Running Away With Me),The Temptations
Just One Look,Doris Troy
Just One of the Guys,Jenny Lewis
Just One Victory,Todd Rundgren
Just To See You Smile,Chuck Prophet
Just What I Needed,The Cars
Just Your Fool,The Rolling Stones
Justice,Little Steven & The Disciples Of Soul
