Kansas City,David Bromberg
Kansas City,Wilbert Harrison
Karma Chameleon,Culture Club
Karmacoma,Massive Attack
Karma Police,Radiohead
Karn Evil 9: 1st Impression,Part 2 - Emerson Lake & Palmer
Kashmir,Led Zeppelin
Katchi,Nick Waterhouse
Kathleen,Josh Ritter
Keep A Lid On Things,Crash Test Dummies
Keep A-Knockin',Little Richard
Keep Going,The Revivalists
Keep Me In Your Heart,Warren Zevon
Keep On Growing,Derek & The Dominos
Keep On Smilin',Wet Willie
Keep On Truckin',Eddie Kendricks
Keep On Truckin',Hot Tuna
Keep On Working,Pete Townshend
Keep Playin That Rock N Roll,Edgar Winter
Keep The Car Running,Arcade Fire
Keep The Customer Satisfied,Simon & Garfunkel
Kentucky Woman,Neil Diamond
Ketchy Shuby,Peter Tosh
Key To The Highway,B. B. King & Eric Clapton
Kick Drum Heart,The Avett Brothers
Kick Out The Jams,MC5
Kid,The Pretenders
Kid Charlemagne,Steely Dan
Kids,MGMT
Kiko And The Lavender Moon,Los Lobos
Killin' Kind,Shelby Lynne
Kind Of A Drag,The Buckinghams
King Harvest,The Band
King Midas In Reverse,The Hollies
King Of All The World,Old 97's
King Of California,Dave Alvin
King Of Pain,The Police
King Of Rock,Run-DMC
King Of The Hill,Roger McGuinn
King Without A Crown,Matisyahu
Kinky Reggae,Bob Marley & The Wailers
Kiss,Prince
Kiss And Say Goodbye,Kate & Anna McGarrigle
Kiss Is On My List,Hall & Oates
Kiss Me On The Bus,The Replacements
Kiss Off,Violent Femmes
Kiss Them For Me,Siouxsie & The Banshees
Kissin on the Blacktop,Daughn Gibson
Kissing The Lipless,The Shins
Kitty's Back,Bruce Springsteen
Knives Out,Radiohead
Knock On Wood,Eddie Floyd
Knock On Wood,Toots Hibbert
Knockin' On Heaven's Door,Bob Dylan
Kodachrome,Paul Simon
Kozmik,Ziggy Marley
