Naked Eye,Luscious Jackson
Na Na Hey Hey Kiss Him Goodbye,Steam
Nantucket Sleighride (To Owen Coffin),Mountain
Nashville Cats,The Lovin' Spoonful
Natural Blues,Moby
Natural High,Bloodstone
Natural One,Folk Implosion
Nature's Way,Spirit
Nausea,Beck
Nearly Lost You,Screaming Trees
Need Your Love So Bad,Little Willie John
Needles And Pins,The Searchers
Neighborhood #3 (power Out),Arcade Fire
Never Ending Song Of Love,Delaney & Bonnie & Friends
Never Give You Up,Jerry Butler
Never Go Back,Grace Potter And The Nocturnals
Never Going Back Again,Fleetwood Mac
Never Gonna Change,Drive-By Truckers
Never Gonna Give You Up,Barry White
Never Had Nobody Like You,M. Ward
Never In My Life,Mountain
Never Miss A Beat,Kaiser Chiefs
Never My Love,The Association
Never Said,Liz Phair
Never Stop,The Brand New Heavies
Never Stop,Echo & The Bunnymen
Never There,Cake
New Beginning,Tracy Chapman
New Coat of Paint,Tom Waits
New Country,Jean-Luc Ponty
New Delhi Freight Train,Little Feat
New Frontier,Donald Fagen
New Kid In Town,The Eagles
New Mama,Neil Young
New Sensation,INXS
New Sensations,Lou Reed
New Slang,The Shins
New Song,Warpaint
New Speedway Boogie,Grateful Dead
New Toy,Lene Lovich
New Years Day,U2
New York City Serenade,Bruce Springsteen
New York New York,Ryan Adams
New York State Of Mind,Billy Joel
Next Girl,The Black Keys
Next Time You See Her,Eric Clapton
Next to Me,Emeli Sande
Next To You,The Police
"Nice, Nice, Very Nice",Ambrosia
Nick Of Time,Bonnie Raitt
Night,Bruce Springsteen
Night And Day,Lowell Fulson
Night Fever,Bee Gees
Night Flight,Led Zeppelin
Night In My Veins,The Pretenders
Night Nurse,Gregory Isaacs
Night People,Allen Toussaint
Night People,Robert Palmer
Night Time,The J. Geils Band
Night Train,Amos Lee
Night Train,Bruce Cockburn
Night Train,James Brown
Night Train,Steve Winwood
Nights In White Satin,The Moody Blues
Nights On Broadway,Bee Gees
Nightclub Jitters,The Replacements
Nightclubbing,Iggy Pop
Nightswimming,R. E. M.
Nighttime In The Switching Yard,Warren Zevon
Nineteen,Old 97's
Nineteen Hundred And Eighty Five,Paul McCartney & Wings
No Bad News,Patty Griffin
No Cars Go,Arcade Fire
No Depression,Uncle Tupelo
No Easy Way Down,Dusty Springfield
No Excuses,Alice In Chains
No Expectations,The Rolling Stones
No Frontiers,Mary Black
No Kinda Dancer,Robert Earl Keen
No Matter What,Badfinger
No Matter Where We Go,Whitney
"No More, No More",Aerosmith
No Myth,Michael Penn
No New Tale To Tell,Love And Rockets
No No No,Beirut
No One To Depend On,Santana
No One's Gonna Love You,Band Of Horses
No Particular Place To Go,Chuck Berry
No Quarter,Led Zeppelin
No Rain,Blind Melon
No Regrets,Tom Rush
No Reply,Genesis
No Reply,The Beatles
No Such Thing,John Mayer
No Sunlight,Death Cab For Cutie
No Surrender,Bruce Springsteen
No Woman No Cry,Bob Marley & The Wailers
No Woman No Cry,The Fugees
Nobody But Me,The Human Beinz
Nobody But You,Loggins & Messina
Nobody Does It Better,Carly Simon
Nobody's Fault But Mine,Led Zeppelin
North American Scum,LCD Soundsystem
North Side Gal,JD McPherson
Norwegian Wood (This Bird Has Flown),The Beatles
Not Fade Away,Buddy Holly
Not Fade Away (live),Grateful Dead
Not That Funny,Fleetwood Mac
Not Where It's At,Del Amitri
Not Where It's At,Del Amitri
Nothin' On Me,Shawn Colvin
Nothing But The Water II,Grace Potter And The Nocturnals
Nothing Can Stop Us,Saint Etienne
Nothing Compares 2 U,Sinead O'Connor
Nothingman,Pearl Jam
November Rain,Guns n Roses
Now That We've Found Love,Third World
Nowadays Clancy Can't Even Sing,Buffalo Springfield
Nuclear,Ryan Adams
